const ALREADY_INDEXED = [
  '/',
  '/about',
  '/contact',
  '/pricing',
  '/resources',
  '/case-studies',
  '/industries',
  '/locations',
  '/solutions',
  '/blog',
  '/seo-audit',
  '/website-speed-test',
  '/enhanced-demo',
  '/services/website-design',
  '/services/website-redesign',
  '/services/web-development',
  '/services/rapid-web-design',
  '/services/ui-ux-design',
  '/services/ecommerce-design',
  '/services/app-design-development',
  '/services/software-design-development',
  '/services/software-development',
  '/services/shopify-development',
  '/services/wordpress-development',
  '/services/ai-consulting',
  '/services/ai-seo',
  '/services/ai-digital-marketing',
  '/services/ai-gpt-integration',
  '/services/ai-agent-development',
  '/services/chatgpt-optimization',
  '/services/generative-engine-optimization',
  '/services/answer-engine-optimization',
  '/services/enterprise-geo-services',
  '/services/seo',
  '/services/local-seo',
  '/services/digital-marketing',
  '/services/email-marketing-design',
  '/services/social-media-design',
  '/services/cro-ecommerce',
  '/services/cro-lead-generation',
  '/services/seo-company-government-website',
  '/services/seo-doctors-kansas-city',
  '/services/portland-web-marketing',
  '/services/surgeon-web-design-austin',
  '/services/retail-development-services',
  '/services/freight-forwarder-web-design',
  '/services/energy-seo-company',
  '/services/web-application-development-company',
  '/services/wordpress-developers-denver',
  '/services/jacksonville-ai-seo',
  '/services/seo-consulting-charlotte',
  '/services/web-design-albuquerque',
  '/services/seo-baltimore',
  '/services/web-development-las-vegas',
  '/services/web-application-development-chicago',
  '/services/website-design-louisville',
  '/services/web-design-columbus',
  '/services/website-design-oklahoma-city',
  '/services/seo-company-mesa',
  '/services/web-design-oklahoma-city',
  '/services/web-development-fresno',
  '/services/seo-services-louisville',
  '/services/real-estate-seo-california',
  '/services/biotech-website-design-chicago',
  '/services/medical-website-design-austin',
  '/services/educational-website-development-charlotte',
  '/services/auto-repair-website-design-milwaukee',
  '/services/seo-company-mesa-arizona',
  '/solutions/agency-results',
  '/solutions/declining-traffic',
  '/solutions/google-visibility',
  '/solutions/website-conversion',
  '/solutions/website-leads',
  '/solutions/website-roi',
  '/blog/essential-website-features-2024',
  '/blog/voice-search-seo-optimization-2024',
  '/blog/local-seo-checklist-25-steps',
  '/blog/ai-powered-seo-machine-learning',
  '/blog/seattle-software-development-guide',
  '/blog/healthcare-web-design-companies-guide',
  '/blog/arizona-organic-seo-growth-strategy',
  '/blog/education-companies-el-paso-guide',
  '/blog/freight-forwarder-web-design-guide',
  '/blog/government-companies-el-paso-guide',
  '/blog/seo-partnership-milwaukee-guide',
  '/blog/seo-service-complete-guide',
  '/blog/detroit-conversion-rate-optimization-services',
  '/blog/el-paso-conversion-rate-optimization-services',
  '/blog/louisville-conversion-rate-optimization-services',
  '/blog/oklahoma-city-conversion-rate-optimization-company',
  '/blog/oklahoma-city-conversion-rate-optimization-services',
  '/blog/logistics-web-design-california',
  '/blog/milwaukee-auto-repair-shop-website-design',
  '/blog/milwaukee-content-development',
  '/blog/web-developer-fresno',
  '/blog/website-design-detroit',
  '/blog/website-design-in-detroit',
  '/blog/best-seo-software-seattle-businesses-2025',
  '/blog/local-seo-guide-sacramento-businesses',
  '/blog/content-development-services-milwaukee-complete-guide',
  '/new-york-ny',
  '/los-angeles-ca',
  '/chicago-il',
  '/houston-tx',
  '/phoenix-az',
  '/philadelphia-pa',
  '/san-antonio-tx',
  '/san-diego-ca',
  '/dallas-tx',
  '/san-jose-ca',
  '/austin-tx',
  '/jacksonville-fl',
  '/fort-worth-tx',
  '/columbus-oh',
  '/indianapolis-in',
  '/charlotte-nc',
  '/san-francisco-ca',
  '/seattle-wa',
  '/denver-co',
  '/washington-dc',
  '/nashville-tn',
  '/oklahoma-city-ok',
  '/el-paso-tx',
  '/boston-ma',
  '/portland-or',
  '/las-vegas-nv',
  '/detroit-mi',
  '/memphis-tn',
  '/louisville-ky',
  '/baltimore-md',
  '/milwaukee-wi',
  '/albuquerque-nm',
  '/tucson-az',
  '/fresno-ca',
  '/sacramento-ca',
  '/kansas-city-mo',
  '/mesa-az',
  '/raleigh-nc',
  '/omaha-ne',
  '/miami-fl',
  '/oakland-ca',
  '/minneapolis-mn',
  '/tulsa-ok',
  '/wichita-ks',
  '/new-orleans-la',
  '/arlington-tx',
  '/cleveland-oh',
  '/bakersfield-ca',
  '/tampa-fl',
  '/aurora-co',
  '/atlanta-ga',
  '/salt-lake-city-ut',
  '/colorado-springs-co',
  '/st-louis-mo',
  '/pittsburgh-pa',
  '/cincinnati-oh',
  '/orlando-fl',
  '/anaheim-ca',
  '/santa-ana-ca',
  '/corpus-christi-tx',
  '/riverside-ca',
  '/lexington-ky',
  '/stockton-ca',
  '/anchorage-ak',
  '/henderson-nv',
  '/greensboro-nc',
  '/plano-tx',
  '/newark-nj',
  '/lincoln-ne',
  '/irvine-ca',
  '/toledo-oh',
];

// NEW pages to index (remaining services and cities)
const NEW_PAGES = [
  // Remaining service pages not indexed yet
  '/services/content-marketing',
  '/services/core-web-vitals-optimization',
  '/services/programmatic-seo',
  '/services/schema-markup-services',
  '/services/voice-search-optimization',
  '/services/zero-click-search-optimization',
  '/services/dairy-industry-website-design-los-angeles',
  
  // Remaining city pages (30 more cities to reach ~100 total)
  '/jersey-city-nj',
  '/chula-vista-ca',
  '/buffalo-ny',
  '/chandler-az',
  '/north-las-vegas-nv',
  '/gilbert-az',
  '/madison-wi',
  '/reno-nv',
  '/norfolk-va',
  '/winston-salem-nc',
  '/glendale-az',
  '/hialeah-fl',
  '/garland-tx',
  '/scottsdale-az',
  '/boise-id',
