/services/web-design /services/website-design 301
/services/seo-services /services/seo 301
/services/ai-services /services/ai-consulting 301
/services/digital-marketing-services /services/digital-marketing 301
/services/ecommerce-design /services/ecommerce-design 301
/services/ui-design /services/ui-ux-design 301
/services/ux-design /services/ui-ux-design 301
/services/app-development /services/app-design-development 301
/services/software-development-services /services/software-development 301
/services/wordpress-services /services/wordpress-development 301
/services/shopify-services /services/shopify-development 301
/services/local-seo-services /services/local-seo 301
/services/email-marketing /services/email-marketing-design 301
/services/social-media-marketing /services/social-media-design 301
/services/conversion-optimization /services/cro-ecommerce 301
/services/lead-generation /services/cro-lead-generation 301
/services/webdev /services/web-development 301
/services/webdevlopment /services/web-development 301
/services/websitedesign /services/website-design 301
/services/website-designing /services/website-design 301
/services/seo-optimization /services/seo 301
/services/search-engine-optimization /services/seo 301
/services/ai-integration /services/ai-gpt-integration 301
/services/chatgpt-services /services/chatgpt-optimization 301
/services/gpt-integration /services/ai-gpt-integration 301
/new-york /new-york-ny 301
/los-angeles /los-angeles-ca 301
/chicago /chicago-il 301
/houston /houston-tx 301
/phoenix /phoenix-az 301
/philadelphia /philadelphia-pa 301
/san-antonio /san-antonio-tx 301
/san-diego /san-diego-ca 301
/dallas /dallas-tx 301
/san-jose /san-jose-ca 301
/austin /austin-tx 301
/jacksonville /jacksonville-fl 301
/fort-worth /fort-worth-tx 301
/columbus /columbus-oh 301
/charlotte /charlotte-nc 301
/san-francisco /san-francisco-ca 301
/seattle /seattle-wa 301
/denver /denver-co 301
/washington /washington-dc 301
/boston /boston-ma 301
/about-us /about 301
/contact-us /contact 301
/pricing-plans /pricing 301
/our-services /services 301
/service /services 301
/portfolio /case-studies 301
/case-study /case-studies 301
/blog-posts /blog 301
/articles /blog 301
/news /blog 301
/resources /resources 301
/resource /resources 301
/tools /seo-audit 301
/seo-tools /seo-audit 301
/website-audit /seo-audit 301
/speed-test /website-speed-test 301
/demo /enhanced-demo 301
/industries/healthcare /industries 301
/industries/finance /industries 301
/industries/technology /industries 301
/industries/retail /industries 301
/industries/education /industries 301
/industry /industries 301
/locations /locations 301
/location /locations 301
/cities /locations 301
/city /locations 301
/solutions/agency-results /solutions/agency-results 301
/solutions/declining-traffic /solutions/declining-traffic 301
/solutions/google-visibility /solutions/google-visibility 301
/solutions/website-conversion /solutions/website-conversion 301
/solutions/website-leads /solutions/website-leads 301
/solutions/website-roi /solutions/website-roi 301
/solution /solutions 301
/about/ /about 301
/contact/ /contact 301
/pricing/ /pricing 301
/services/ /services 301
/blog/ /blog 301
/resources/ /resources 301
/industries/ /industries 301
/locations/ /locations 301
/solutions/ /solutions 301