{
  "redirects": [
    {
      "source": "/services/web-design",
      "destination": "/services/website-design",
      "permanent": true
    },
    {
      "source": "/services/seo-services",
      "destination": "/services/seo",
      "permanent": true
    },
    {
      "source": "/services/ai-services",
      "destination": "/services/ai-consulting",
      "permanent": true
    },
    {
      "source": "/services/digital-marketing-services",
      "destination": "/services/digital-marketing",
      "permanent": true
    },
    {
      "source": "/services/ecommerce-design",
      "destination": "/services/ecommerce-design",
      "permanent": true
    },
    {
      "source": "/services/ui-design",
      "destination": "/services/ui-ux-design",
      "permanent": true
    },
    {
      "source": "/services/ux-design",
      "destination": "/services/ui-ux-design",
      "permanent": true
    },
    {
      "source": "/services/app-development",
      "destination": "/services/app-design-development",
      "permanent": true
    },
    {
      "source": "/services/software-development-services",
      "destination": "/services/software-development",
      "permanent": true
    },
    {
      "source": "/services/wordpress-services",
      "destination": "/services/wordpress-development",
      "permanent": true
    },
    {
      "source": "/services/shopify-services",
      "destination": "/services/shopify-development",
      "permanent": true
    },
    {
      "source": "/services/local-seo-services",
      "destination": "/services/local-seo",
      "permanent": true
    },
    {
      "source": "/services/email-marketing",
      "destination": "/services/email-marketing-design",
      "permanent": true
    },
    {
      "source": "/services/social-media-marketing",
      "destination": "/services/social-media-design",
      "permanent": true
    },
    {
      "source": "/services/conversion-optimization",
      "destination": "/services/cro-ecommerce",
      "permanent": true
    },
    {
      "source": "/services/lead-generation",
      "destination": "/services/cro-lead-generation",
      "permanent": true
    },
    {
      "source": "/services/webdev",
      "destination": "/services/web-development",
      "permanent": true
    },
    {
      "source": "/services/webdevlopment",
      "destination": "/services/web-development",
      "permanent": true
    },
    {
      "source": "/services/websitedesign",
      "destination": "/services/website-design",
      "permanent": true
    },
    {
      "source": "/services/website-designing",
      "destination": "/services/website-design",
      "permanent": true
    },
    {
      "source": "/services/seo-optimization",
      "destination": "/services/seo",
      "permanent": true
    },
    {
      "source": "/services/search-engine-optimization",
      "destination": "/services/seo",
      "permanent": true
    },
    {
      "source": "/services/ai-integration",
      "destination": "/services/ai-gpt-integration",
      "permanent": true
    },
    {
      "source": "/services/chatgpt-services",
      "destination": "/services/chatgpt-optimization",
      "permanent": true
    },
    {
      "source": "/services/gpt-integration",
      "destination": "/services/ai-gpt-integration",
      "permanent": true
    },
    {
      "source": "/new-york",
      "destination": "/new-york-ny",
      "permanent": true
    },
    {
      "source": "/los-angeles",
      "destination": "/los-angeles-ca",
      "permanent": true
    },
    {
      "source": "/chicago",
      "destination": "/chicago-il",
      "permanent": true
    },
    {
      "source": "/houston",
      "destination": "/houston-tx",
      "permanent": true
    },
    {
      "source": "/phoenix",
      "destination": "/phoenix-az",
      "permanent": true
    },
    {
      "source": "/philadelphia",
      "destination": "/philadelphia-pa",
      "permanent": true
    },
    {
      "source": "/san-antonio",
      "destination": "/san-antonio-tx",
      "permanent": true
    },
    {
      "source": "/san-diego",
      "destination": "/san-diego-ca",
      "permanent": true
    },
    {
      "source": "/dallas",
      "destination": "/dallas-tx",
      "permanent": true
    },
    {
      "source": "/san-jose",
      "destination": "/san-jose-ca",
      "permanent": true
    },
    {
      "source": "/austin",
      "destination": "/austin-tx",
      "permanent": true
    },
    {
      "source": "/jacksonville",
      "destination": "/jacksonville-fl",
      "permanent": true
    },
    {
      "source": "/fort-worth",
      "destination": "/fort-worth-tx",
      "permanent": true
    },
    {
      "source": "/columbus",
      "destination": "/columbus-oh",
      "permanent": true
    },
    {
      "source": "/charlotte",
      "destination": "/charlotte-nc",
      "permanent": true
    },
    {
      "source": "/san-francisco",
      "destination": "/san-francisco-ca",
      "permanent": true
    },
    {
      "source": "/seattle",
      "destination": "/seattle-wa",
      "permanent": true
    },
    {
      "source": "/denver",
      "destination": "/denver-co",
      "permanent": true
    },
    {
      "source": "/washington",
      "destination": "/washington-dc",
      "permanent": true
    },
    {
      "source": "/boston",
      "destination": "/boston-ma",
      "permanent": true
    },
    {
      "source": "/about-us",
      "destination": "/about",
      "permanent": true
    },
    {
      "source": "/contact-us",
      "destination": "/contact",
      "permanent": true
    },
    {
      "source": "/pricing-plans",
      "destination": "/pricing",
      "permanent": true
    },
    {
      "source": "/our-services",
      "destination": "/services",
      "permanent": true
    },
    {
      "source": "/service",
      "destination": "/services",
      "permanent": true
    },
    {
      "source": "/portfolio",
      "destination": "/case-studies",
      "permanent": true
    },
    {
      "source": "/case-study",
      "destination": "/case-studies",
      "permanent": true
    },
    {
      "source": "/blog-posts",
      "destination": "/blog",
      "permanent": true
    },
    {
      "source": "/articles",
      "destination": "/blog",
      "permanent": true
    },
    {
      "source": "/news",
      "destination": "/blog",
      "permanent": true
    },
    {
      "source": "/resources",
      "destination": "/resources",
      "permanent": true
    },
    {
      "source": "/resource",
      "destination": "/resources",
      "permanent": true
    },
    {
      "source": "/tools",
      "destination": "/seo-audit",
      "permanent": true
    },
    {
      "source": "/seo-tools",
      "destination": "/seo-audit",
      "permanent": true
    },
    {
      "source": "/website-audit",
      "destination": "/seo-audit",
      "permanent": true
    },
    {
      "source": "/speed-test",
      "destination": "/website-speed-test",
      "permanent": true
    },
    {
      "source": "/demo",
      "destination": "/enhanced-demo",
      "permanent": true
    },
    {
      "source": "/industries/healthcare",
      "destination": "/industries",
      "permanent": true
    },
    {
      "source": "/industries/finance",
      "destination": "/industries",
      "permanent": true
    },
    {
      "source": "/industries/technology",
      "destination": "/industries",
      "permanent": true
    },
    {
      "source": "/industries/retail",
      "destination": "/industries",
      "permanent": true
    },
    {
      "source": "/industries/education",
      "destination": "/industries",
      "permanent": true
    },
    {
      "source": "/industry",
      "destination": "/industries",
      "permanent": true
    },
    {
      "source": "/locations",
      "destination": "/locations",
      "permanent": true
    },
    {
      "source": "/location",
      "destination": "/locations",
      "permanent": true
    },
    {
      "source": "/cities",
      "destination": "/locations",
      "permanent": true
    },
    {
      "source": "/city",
      "destination": "/locations",
      "permanent": true
    },
    {
      "source": "/solutions/agency-results",
      "destination": "/solutions/agency-results",
      "permanent": true
    },
    {
      "source": "/solutions/declining-traffic",
      "destination": "/solutions/declining-traffic",
      "permanent": true
    },
    {
      "source": "/solutions/google-visibility",
      "destination": "/solutions/google-visibility",
      "permanent": true
    },
    {
      "source": "/solutions/website-conversion",
      "destination": "/solutions/website-conversion",
      "permanent": true
    },
    {
      "source": "/solutions/website-leads",
      "destination": "/solutions/website-leads",
      "permanent": true
    },
    {
      "source": "/solutions/website-roi",
      "destination": "/solutions/website-roi",
      "permanent": true
    },
    {
      "source": "/solution",
      "destination": "/solutions",
      "permanent": true
    },
    {
      "source": "/about/",
      "destination": "/about",
      "permanent": true
    },
    {
      "source": "/contact/",
      "destination": "/contact",
      "permanent": true
    },
    {
      "source": "/pricing/",
      "destination": "/pricing",
      "permanent": true
    },
    {
      "source": "/services/",
      "destination": "/services",
      "permanent": true
    },
    {
      "source": "/blog/",
      "destination": "/blog",
      "permanent": true
    },
    {
      "source": "/resources/",
      "destination": "/resources",
      "permanent": true
    },
    {
      "source": "/industries/",
      "destination": "/industries",
      "permanent": true
    },
    {
      "source": "/locations/",
      "destination": "/locations",
      "permanent": true
    },
    {
      "source": "/solutions/",
      "destination": "/solutions",
      "permanent": true
    }
  ],
  "rewrites": [
    {
      "source": "/sitemap.xml",
      "destination": "/sitemap"
    }
  ]
}