User-agent: *
Allow: /

# Sitemap
Sitemap: https://webvello.com/sitemap.xml

# Crawl-delay for respectful crawling
Crawl-delay: 1

# Disallow admin and private areas
Disallow: /admin/
Disallow: /private/
Disallow: /api/
Disallow: /_next/
Disallow: /studio/

# Allow important pages
Allow: /services/
Allow: /solutions/
Allow: /case-studies/
Allow: /about/
Allow: /contact/
Allow: /pricing/
Allow: /resources/
Allow: /industries/
Allow: /blog/
Allow: /locations/

# Allow all city pages and city-service combinations
Allow: /new-york-ny/
Allow: /los-angeles-ca/
Allow: /chicago-il/
Allow: /houston-tx/
Allow: /phoenix-az/
Allow: /philadelphia-pa/
Allow: /san-antonio-tx/
Allow: /san-diego-ca/
Allow: /dallas-tx/
Allow: /san-jose-ca/
Allow: /austin-tx/
Allow: /jacksonville-fl/
Allow: /fort-worth-tx/
Allow: /columbus-oh/
Allow: /charlotte-nc/
Allow: /san-francisco-ca/
Allow: /indianapolis-in/
Allow: /seattle-wa/
Allow: /denver-co/
Allow: /washington-dc/
Allow: /boston-ma/
Allow: /el-paso-tx/
Allow: /nashville-tn/
Allow: /detroit-mi/
Allow: /oklahoma-city-ok/
Allow: /portland-or/
Allow: /las-vegas-nv/
Allow: /memphis-tn/
Allow: /louisville-ky/
Allow: /baltimore-md/
Allow: /milwaukee-wi/
Allow: /albuquerque-nm/
Allow: /tucson-az/
Allow: /fresno-ca/
Allow: /mesa-az/
Allow: /sacramento-ca/
Allow: /atlanta-ga/
Allow: /kansas-city-mo/
Allow: /colorado-springs-co/
Allow: /omaha-ne/
Allow: /raleigh-nc/
Allow: /miami-fl/
Allow: /long-beach-ca/
Allow: /virginia-beach-va/
Allow: /oakland-ca/
Allow: /minneapolis-mn/
Allow: /tulsa-ok/
Allow: /arlington-tx/
Allow: /tampa-fl/
Allow: /new-orleans-la/
Allow: /wichita-ks/
Allow: /cleveland-oh/
Allow: /bakersfield-ca/
Allow: /aurora-co/
Allow: /anaheim-ca/
Allow: /honolulu-hi/
Allow: /santa-ana-ca/
Allow: /corpus-christi-tx/
Allow: /riverside-ca/
Allow: /lexington-ky/
Allow: /stockton-ca/
Allow: /toledo-oh/
Allow: /st-paul-mn/
Allow: /newark-nj/
Allow: /greensboro-nc/
Allow: /plano-tx/
Allow: /henderson-nv/
Allow: /lincoln-ne/
Allow: /buffalo-ny/
Allow: /jersey-city-nj/
Allow: /chula-vista-ca/
Allow: /fort-wayne-in/
Allow: /orlando-fl/
Allow: /st-petersburg-fl/
Allow: /chandler-az/
Allow: /laredo-tx/
Allow: /norfolk-va/
Allow: /durham-nc/
Allow: /madison-wi/
Allow: /lubbock-tx/
Allow: /irvine-ca/
Allow: /winston-salem-nc/
Allow: /glendale-az/
Allow: /garland-tx/
Allow: /hialeah-fl/
Allow: /reno-nv/
Allow: /chesapeake-va/
Allow: /gilbert-az/
Allow: /baton-rouge-la/
Allow: /irving-tx/
Allow: /scottsdale-az/
Allow: /north-las-vegas-nv/
Allow: /fremont-ca/
Allow: /boise-id/
Allow: /richmond-va/
Allow: /san-bernardino-ca/
Allow: /birmingham-al/
Allow: /spokane-wa/
Allow: /rochester-ny/
Allow: /des-moines-ia/
Allow: /modesto-ca/
Allow: /fayetteville-nc/
Allow: /tacoma-wa/
Allow: /oxnard-ca/
Allow: /fontana-ca/
Allow: /columbus-ga/
Allow: /montgomery-al/
Allow: /moreno-valley-ca/
Allow: /shreveport-la/
Allow: /aurora-il/
Allow: /yonkers-ny/
Allow: /akron-oh/
Allow: /huntington-beach-ca/
Allow: /little-rock-ar/
Allow: /augusta-ga/
Allow: /amarillo-tx/
Allow: /glendale-ca/
Allow: /mobile-al/
Allow: /grand-rapids-mi/
Allow: /salt-lake-city-ut/
Allow: /tallahassee-fl/
Allow: /huntsville-al/
Allow: /grand-prairie-tx/
Allow: /knoxville-tn/
Allow: /worcester-ma/
Allow: /newport-news-va/
Allow: /brownsville-tx/
Allow: /overland-park-ks/
Allow: /santa-clarita-ca/
Allow: /providence-ri/
Allow: /garden-grove-ca/
Allow: /chattanooga-tn/
Allow: /oceanside-ca/
Allow: /jackson-ms/
Allow: /fort-lauderdale-fl/
Allow: /santa-rosa-ca/
Allow: /rancho-cucamonga-ca/
Allow: /port-st-lucie-fl/
Allow: /tempe-az/
Allow: /ontario-ca/
Allow: /vancouver-wa/
Allow: /sioux-falls-sd/
Allow: /peoria-az/
Allow: /pembroke-pines-fl/
Allow: /elk-grove-ca/
Allow: /salem-or/
Allow: /lancaster-ca/
Allow: /corona-ca/
Allow: /eugene-or/
Allow: /palmdale-ca/
Allow: /salinas-ca/
Allow: /springfield-mo/
Allow: /pasadena-tx/
Allow: /fort-collins-co/
Allow: /hayward-ca/
Allow: /pomona-ca/
Allow: /cary-nc/
Allow: /rockford-il/
Allow: /alexandria-va/
Allow: /escondido-ca/
Allow: /mckinney-tx/
Allow: /kansas-city-ks/
Allow: /joliet-il/
Allow: /sunnyvale-ca/
Allow: /torrance-ca/
Allow: /bridgeport-ct/
Allow: /lakewood-co/
Allow: /hollywood-fl/
Allow: /paterson-nj/
Allow: /naperville-il/
Allow: /mesquite-tx/
Allow: /dayton-oh/
Allow: /savannah-ga/
Allow: /clarksville-tn/
Allow: /orange-ca/
Allow: /pasadena-ca/
Allow: /fullerton-ca/
Allow: /killeen-tx/
Allow: /frisco-tx/
Allow: /hampton-va/
Allow: /mcallen-tx/
Allow: /west-valley-city-ut/
Allow: /columbia-sc/
Allow: /olathe-ks/
Allow: /sterling-heights-mi/
Allow: /new-haven-ct/
Allow: /miramar-fl/
Allow: /waco-tx/
Allow: /thousand-oaks-ca/
Allow: /cedar-rapids-ia/
Allow: /charleston-sc/
Allow: /vallejo-ca/
Allow: /round-rock-tx/
Allow: /fargo-nd/
Allow: /concord-ca/
Allow: /elizabeth-nj/
Allow: /palm-bay-fl/
Allow: /hartford-ct/
Allow: /west-palm-beach-fl/
Allow: /richardson-tx/
Allow: /billings-mt/
Allow: /berkeley-ca/
Allow: /north-charleston-sc/
Allow: /daly-city-ca/
Allow: /miami-gardens-fl/
Allow: /carlsbad-ca/
Allow: /compton-ca/
Allow: /fairfield-ca/
Allow: /santa-clara-ca/
Allow: /abilene-tx/
Allow: /athens-clarke-county-ga/
Allow: /ventura-ca/
Allow: /evansville-in/
Allow: /roseville-ca/
Allow: /independence-mo/
Allow: /westminster-ca/
Allow: /arvada-co/
Allow: /pearland-tx/
Allow: /midland-tx/
Allow: /norman-ok/
Allow: /columbia-mo/
Allow: /elgin-il/
Allow: /clearwater-fl/
Allow: /miami-beach-fl/
Allow: /provo-ut/
Allow: /west-covina-ca/
Allow: /waterbury-ct/
Allow: /boulder-co/
Allow: /west-jordan-ut/
Allow: /costa-mesa-ca/
Allow: /downey-ca/
Allow: /lowell-ma/
Allow: /pompano-beach-fl/
Allow: /pueblo-co/
Allow: /peoria-il/
Allow: /el-cajon-ca/
Allow: /richmond-ca/
Allow: /in-grove-village-il/
Allow: /broken-arrow-ok/
Allow: /miami-lakes-fl/
Allow: /redding-ca/
Allow: /spokane-valley-wa/
Allow: /bend-or/
Allow: /davenport-ia/
Allow: /santa-maria-ca/
Allow: /westminster-co/
Allow: /santa-barbara-ca/
Allow: /santa-monica-ca/
Allow: /santa-ana-ca/
Allow: /santa-clara-ca/
Allow: /santa-rosa-ca/
Allow: /santa-cruz-ca/
Allow: /santa-fe-nm/

# Allow all dynamic city-service combinations
Allow: /*/website-design/
Allow: /*/web-development/
Allow: /*/seo/
Allow: /*/local-seo/
Allow: /*/digital-marketing/
Allow: /*/ui-ux-design/
Allow: /*/ecommerce-design/
Allow: /*/software-development/
Allow: /*/app-design-development/
Allow: /*/rapid-web-design/
Allow: /*/website-redesign/
Allow: /*/ai-consulting/
Allow: /*/ai-seo/
Allow: /*/ai-digital-marketing/
Allow: /*/ai-gpt-integration/
Allow: /*/ai-agent-development/
Allow: /*/chatgpt-optimization/
Allow: /*/generative-engine-optimization/
Allow: /*/answer-engine-optimization/
Allow: /*/enterprise-geo-services/
Allow: /*/email-marketing-design/
Allow: /*/social-media-design/
Allow: /*/cro-ecommerce/
Allow: /*/cro-lead-generation/
Allow: /*/shopify-development/
Allow: /*/wordpress-development/
Allow: /*/core-web-vitals-optimization/
Allow: /*/programmatic-seo/
Allow: /*/schema-markup-services/
Allow: /*/voice-search-optimization/
Allow: /*/zero-click-search-optimization/

# Allow all new service pages
Allow: /services/seo-consulting-charlotte/
Allow: /services/web-design-albuquerque/
Allow: /services/seo-baltimore/
Allow: /services/web-development-las-vegas/
Allow: /services/web-application-development-chicago/
Allow: /services/website-design-louisville/
Allow: /services/web-design-columbus/
Allow: /services/website-design-oklahoma-city/
Allow: /services/seo-company-mesa/
Allow: /services/web-design-oklahoma-city/
# Latest service pages (January 2025)
Allow: /services/web-development-fresno/
Allow: /services/seo-services-louisville/
Allow: /services/real-estate-seo-california/
Allow: /services/biotech-website-design-chicago/
Allow: /services/medical-website-design-austin/
Allow: /services/educational-website-development-charlotte/
Allow: /services/auto-repair-website-design-milwaukee/
Allow: /services/seo-company-mesa-arizona/
Allow: /services/dairy-industry-website-design-los-angeles/

# Allow all new blog posts
Allow: /blog/seattle-software-development-guide/
Allow: /blog/healthcare-web-design-companies-guide/
Allow: /blog/arizona-organic-seo-growth-strategy/
Allow: /blog/education-companies-el-paso-guide/
Allow: /blog/freight-forwarder-web-design-guide/
Allow: /blog/government-companies-el-paso-guide/
Allow: /blog/seo-partnership-milwaukee-guide/
Allow: /blog/seo-service-complete-guide/
Allow: /blog/detroit-conversion-rate-optimization-services/
Allow: /blog/el-paso-conversion-rate-optimization-services/
Allow: /blog/louisville-conversion-rate-optimization-services/
Allow: /blog/oklahoma-city-conversion-rate-optimization-company/
Allow: /blog/oklahoma-city-conversion-rate-optimization-services/
Allow: /blog/logistics-web-design-california/
Allow: /blog/milwaukee-auto-repair-shop-website-design/
Allow: /blog/milwaukee-content-development/
Allow: /blog/web-developer-fresno/
Allow: /blog/website-design-detroit/
Allow: /blog/website-design-in-detroit/
# Latest blog posts (January 2025)
Allow: /blog/best-seo-software-seattle-businesses-2025/
Allow: /blog/local-seo-guide-sacramento-businesses/
Allow: /blog/content-development-services-milwaukee-complete-guide/

# Specific rules for different user agents
User-agent: Googlebot
Allow: /
Crawl-delay: 1

User-agent: Bingbot
Allow: /
Crawl-delay: 1

User-agent: Slurp
Allow: /
Crawl-delay: 2

User-agent: DuckDuckBot
Allow: /
Crawl-delay: 1

User-agent: Baiduspider
Allow: /
Crawl-delay: 2

User-agent: YandexBot
Allow: /
Crawl-delay: 2

User-agent: facebookexternalhit
Allow: /
Crawl-delay: 1

User-agent: Twitterbot
Allow: /
Crawl-delay: 1

User-agent: LinkedInBot
Allow: /
Crawl-delay: 1

# Block bad bots
User-agent: AhrefsBot
Disallow: /

User-agent: SemrushBot
Disallow: /

User-agent: MJ12bot
Disallow: /

User-agent: DotBot
Disallow: /

User-agent: BLEXBot
Disallow: /

User-agent: Screaming Frog SEO Spider
Disallow: /
